N_particles,processors,time_seconds,gflops,scaling_type
4096,1,85.495632711,8.197,strong
4096,2,45.159665901,15.658,strong
4096,4,25.640555855,27.968,strong
1024,1,5.284863234,7.683,weak
2048,2,11.248328429,15.021,weak
4096,4,24.420622165,29.362,weak
1024,1,9.923702773,7.845,baseline
2048,1,39.880219266,8.037,baseline
4096,1,169.558727708,8.185,baseline
8192,1,707.005402446,8.244,baseline
