N_particles,processors,time_seconds,gflops,scaling_type
4096,1,85.200248663,8.236,strong
4096,2,44.600521274,15.840,strong
4096,4,24.369627585,29.436,strong
4096,8,14.704963039,50.010,strong
1024,1,5.056245753,8.021,weak
2048,2,11.070202117,15.313,weak
4096,4,25.153922708,28.490,weak
8192,8,52.096726860,56.766,weak
1024,1,9.608397061,8.154,baseline
2048,1,38.211726464,8.400,baseline
4096,1,167.632566415,8.276,baseline
8192,1,700.112459597,8.325,baseline
