N_particles,time_seconds,gflops
4096,83.600165528,8.390
4096,43.725319278,16.180
4096,24.149894295,29.713
4096,13.646706306,53.918
