N_particles,time_seconds,gflops
4096,85.495632711,8.197
4096,45.159665901,15.658
4096,25.640555855,27.968
